CustomerID,Age,Gender,City,PlanType,MonthlyCharge,DataUsageGB,CallMinutes,SMSCount,ContractType,JoinDate
C0001,56,Male,Delhi,Basic,299,24.46,944,225,Prepaid,2025-01-31
C0002,46,Female,Pune,Standard,499,7.22,701,50,Prepaid,2024-11-05
C0003,32,Female,Delhi,Premium,799,13.97,890,185,Monthly,2024-05-17
C0004,60,Female,Delhi,Standard,499,16.99,1075,33,Prepaid,2024-12-14
C0005,25,Male,Hyderabad,Premium,799,4.53,569,290,Yearly,2024-04-11
C0006,38,Male,Delhi,Basic,299,14.77,685,229,Prepaid,2023-04-11
C0007,56,Male,Chennai,Premium,799,12.5,789,130,Prepaid,2024-08-05
C0008,36,Male,Bangalore,Basic,299,25.66,518,119,Prepaid,2024-11-05
C0009,40,Male,Kolkata,Basic,299,1.28,261,246,Monthly,2024-11-15
C0010,28,Male,Mumbai,Standard,499,19.03,1185,191,Prepaid,2023-05-21
C0011,28,Male,Chennai,Premium,799,12.74,1081,209,Monthly,2023-05-18
C0012,41,Male,Kolkata,Premium,799,3.71,853,102,Yearly,2024-07-31
C0013,53,Female,Pune,Basic,299,14.1,526,132,Yearly,2024-12-10
C0014,57,Female,Pune,Basic,299,9.03,923,138,Monthly,2025-04-19
C0015,41,Male,Pune,Premium,799,8.57,509,120,Yearly,2023-08-16
C0016,20,Male,Chennai,Basic,299,18.32,302,93,Monthly,2023-10-08
C0017,39,Female,Chennai,Premium,799,20.93,801,128,Monthly,2024-11-14
C0018,19,Male,Mumbai,Premium,799,18.22,1030,90,Prepaid,2025-04-07
C0019,41,Male,Bangalore,Standard,499,11.95,903,91,Prepaid,2024-03-06
C0020,61,Male,Delhi,Basic,299,16.94,285,62,Prepaid,2023-02-09
C0021,47,Female,Pune,Standard,499,18.25,527,28,Prepaid,2024-06-02
C0022,55,Female,Hyderabad,Basic,299,31.03,728,209,Prepaid,2024-11-16
C0023,19,Female,Bangalore,Premium,799,11.15,1093,11,Yearly,2024-10-24
C0024,38,Female,Hyderabad,Standard,499,15.89,265,296,Prepaid,2023-07-30
C0025,50,Female,Mumbai,Premium,799,24.72,904,129,Prepaid,2023-10-29
C0026,29,Male,Mumbai,Basic,299,22.61,184,292,Monthly,2023-03-27
C0027,39,Female,Mumbai,Premium,799,1.83,954,172,Prepaid,2024-02-01
C0028,61,Male,Kolkata,Standard,499,9.14,459,207,Prepaid,2023-09-10
C0029,42,Male,Hyderabad,Basic,299,17.59,135,23,Prepaid,2024-06-16
C0030,44,Female,Bangalore,Basic,299,6.88,605,98,Prepaid,2025-02-07
C0031,59,Female,Bangalore,Standard,499,7.03,427,138,Prepaid,2025-06-09
C0032,45,Male,Chennai,Standard,499,12.94,1124,173,Monthly,2024-01-16
C0033,33,Male,Chennai,Premium,799,19.22,291,28,Monthly,2024-03-19
C0034,32,Male,Pune,Basic,299,7.55,969,142,Prepaid,2023-02-02
C0035,64,Female,Chennai,Basic,299,15.26,315,41,Prepaid,2023-09-17
C0036,61,Female,Mumbai,Standard,499,3.01,1193,298,Prepaid,2023-08-22
C0037,20,Female,Bangalore,Basic,299,9.61,761,207,Monthly,2024-05-29
C0038,54,Female,Hyderabad,Standard,499,27.38,119,191,Prepaid,2025-05-08
C0039,24,Female,Mumbai,Premium,799,2.36,106,159,Prepaid,2023-11-04
C0040,38,Male,Kolkata,Premium,799,17.79,88,63,Monthly,2025-01-08
C0041,26,Female,Chennai,Premium,799,19.71,850,242,Prepaid,2025-03-06
C0042,56,Male,Mumbai,Premium,799,17.3,1091,257,Prepaid,2023-03-11
C0043,35,Male,Mumbai,Basic,299,6.76,781,151,Prepaid,2024-03-29
C0044,21,Male,Kolkata,Standard,499,17.85,874,214,Yearly,2024-03-14
C0045,42,Female,Delhi,Standard,499,34.57,805,165,Yearly,2025-04-04
C0046,31,Female,Bangalore,Premium,799,11.46,401,30,Monthly,2023-12-30
C0047,26,Female,Hyderabad,Basic,299,14.59,332,231,Prepaid,2025-02-04
C0048,43,Male,Pune,Standard,499,10.4,159,281,Monthly,2024-04-25
C0049,19,Male,Delhi,Basic,299,25.38,1066,28,Yearly,2023-05-24
C0050,37,Male,Chennai,Standard,499,14.02,593,194,Yearly,2023-01-24
C0051,45,Male,Mumbai,Premium,799,23.76,74,255,Prepaid,2024-02-29
C0052,64,Male,Kolkata,Premium,799,20.77,892,280,Monthly,2025-01-15
C0053,24,Male,Kolkata,Basic,299,3.28,840,293,Prepaid,2025-04-24
C0054,61,Female,Bangalore,Premium,799,4.12,787,86,Prepaid,2023-06-24
C0055,25,Female,Delhi,Standard,499,6.39,106,148,Monthly,2025-04-23
C0056,64,Female,Pune,Basic,299,8.04,229,248,Prepaid,2023-11-21
C0057,52,Female,Bangalore,Basic,299,26.93,281,282,Yearly,2025-05-18
C0058,31,Male,Mumbai,Basic,299,8.36,392,197,Prepaid,2024-11-01
C0059,34,Male,Bangalore,Basic,299,12.57,526,43,Monthly,2025-05-09
C0060,53,Female,Hyderabad,Premium,799,23.36,625,27,Yearly,2023-12-14
C0061,57,Male,Kolkata,Standard,499,1.63,504,16,Yearly,2025-03-08
C0062,21,Female,Kolkata,Premium,799,11.53,338,126,Prepaid,2023-01-18
C0063,19,Female,Chennai,Basic,299,8.71,307,167,Prepaid,2023-02-13
C0064,23,Female,Chennai,Basic,299,23.92,579,243,Monthly,2023-06-04
C0065,59,Male,Pune,Standard,499,11.62,736,75,Prepaid,2025-05-16
C0066,21,Female,Mumbai,Basic,299,25.43,978,230,Yearly,2024-01-12
C0067,46,Female,Hyderabad,Standard,499,6.52,278,203,Yearly,2025-01-12
C0068,35,Female,Delhi,Premium,799,18.95,645,247,Prepaid,2025-06-01
C0069,43,Male,Bangalore,Standard,499,29.65,484,213,Prepaid,2025-04-07
C0070,61,Male,Pune,Standard,499,6.82,931,214,Prepaid,2024-02-06
C0071,51,Female,Mumbai,Basic,299,6.43,1070,157,Yearly,2023-08-13
C0072,27,Male,Chennai,Basic,299,20.28,451,68,Prepaid,2023-08-05
C0073,53,Male,Bangalore,Basic,299,7.43,671,84,Prepaid,2024-07-21
C0074,31,Male,Chennai,Standard,499,4.61,137,266,Prepaid,2023-01-31
C0075,48,Male,Bangalore,Basic,299,2.7,633,68,Monthly,2025-05-18
C0076,32,Male,Delhi,Basic,299,14.21,358,98,Prepaid,2023-02-28
C0077,25,Male,Mumbai,Standard,499,2.86,955,215,Prepaid,2025-06-10
C0078,31,Male,Bangalore,Basic,299,10.57,392,160,Yearly,2025-06-16
C0079,40,Male,Hyderabad,Basic,299,14.58,485,93,Yearly,2023-12-19
C0080,57,Male,Pune,Basic,299,5.71,226,173,Monthly,2024-03-20
C0081,38,Male,Kolkata,Premium,799,4.99,188,164,Prepaid,2023-08-23
C0082,33,Female,Hyderabad,Standard,499,11.47,243,114,Prepaid,2023-04-17
C0083,62,Female,Hyderabad,Standard,499,10.72,992,219,Monthly,2023-07-10
C0084,35,Male,Pune,Basic,299,15.05,574,30,Prepaid,2024-06-13
C0085,64,Female,Kolkata,Premium,799,11.27,1115,10,Yearly,2025-01-07
C0086,41,Female,Hyderabad,Standard,499,12.41,964,129,Monthly,2024-11-09
C0087,43,Male,Bangalore,Basic,299,19.53,259,104,Prepaid,2024-08-05
C0088,42,Male,Bangalore,Premium,799,5.44,790,26,Yearly,2025-05-23
C0089,62,Male,Bangalore,Basic,299,20.66,911,226,Yearly,2024-07-19
C0090,58,Female,Kolkata,Standard,499,25.91,1003,1,Prepaid,2023-09-02
C0091,46,Female,Hyderabad,Standard,499,11.45,882,100,Monthly,2025-05-11
C0092,32,Male,Kolkata,Basic,299,2.22,189,20,Prepaid,2023-03-17
C0093,62,Male,Bangalore,Premium,799,9.78,841,57,Prepaid,2024-06-30
C0094,18,Male,Pune,Standard,499,15.83,595,179,Prepaid,2023-09-24
C0095,42,Female,Hyderabad,Standard,499,13.48,1066,19,Monthly,2023-11-13
C0096,24,Female,Hyderabad,Basic,299,59.68,106,254,Yearly,2025-03-22
C0097,26,Female,Chennai,Basic,299,1.36,161,37,Monthly,2023-05-01
C0098,41,Female,Chennai,Basic,299,28.94,54,147,Prepaid,2025-04-15
C0099,18,Male,Delhi,Premium,799,17.08,1086,24,Monthly,2023-01-25
C0100,61,Male,Mumbai,Basic,299,10.5,139,120,Prepaid,2024-03-07
C0101,25,Male,Chennai,Standard,499,3.78,665,25,Yearly,2023-06-09
C0102,41,Male,Kolkata,Standard,499,24.18,940,168,Prepaid,2024-08-18
C0103,28,Female,Chennai,Basic,299,11.27,747,224,Prepaid,2023-04-24
C0104,34,Female,Delhi,Standard,499,9.27,947,0,Prepaid,2025-01-04
C0105,25,Male,Hyderabad,Basic,299,13.24,1020,260,Monthly,2025-06-18
C0106,52,Male,Delhi,Premium,799,13.92,1181,12,Prepaid,2024-05-16
C0107,52,Female,Hyderabad,Standard,499,4.9,717,47,Monthly,2023-06-15
C0108,50,Male,Pune,Basic,299,9.53,643,290,Prepaid,2024-12-03
C0109,22,Female,Pune,Basic,299,24.1,638,93,Prepaid,2023-06-24
C0110,59,Male,Hyderabad,Standard,499,11.43,534,260,Prepaid,2023-01-01
C0111,56,Male,Mumbai,Premium,799,7.91,1031,277,Yearly,2025-06-17
C0112,58,Male,Chennai,Standard,499,11.05,1021,204,Yearly,2025-01-10
C0113,45,Male,Kolkata,Standard,499,14.51,688,184,Prepaid,2023-03-27
C0114,24,Male,Kolkata,Basic,299,12.65,1046,174,Prepaid,2024-07-27
C0115,26,Male,Bangalore,Basic,299,15.47,331,68,Prepaid,2023-11-16
C0116,25,Male,Hyderabad,Basic,299,10.07,1035,103,Monthly,2024-02-05
C0117,29,Female,Kolkata,Standard,499,12.76,1161,245,Prepaid,2024-01-17
C0118,51,Female,Mumbai,Premium,799,10.78,65,160,Yearly,2024-12-18
C0119,50,Female,Hyderabad,Standard,499,16.74,985,199,Yearly,2024-09-08
C0120,40,Female,Mumbai,Basic,299,13.35,303,215,Prepaid,2023-11-14
C0121,41,Female,Kolkata,Standard,499,4.36,378,211,Prepaid,2025-03-13
C0122,54,Male,Kolkata,Premium,799,16.6,593,15,Yearly,2023-09-07
C0123,52,Male,Bangalore,Standard,499,16.76,832,204,Monthly,2024-06-08
C0124,61,Female,Kolkata,Premium,799,48.95,1046,38,Prepaid,2024-11-05
C0125,57,Male,Hyderabad,Basic,299,37.53,894,88,Prepaid,2024-07-08
C0126,39,Female,Pune,Basic,299,17.82,415,255,Prepaid,2025-06-16
C0127,44,Female,Hyderabad,Premium,799,12.0,704,253,Prepaid,2024-09-14
C0128,52,Male,Hyderabad,Standard,499,7.6,809,215,Prepaid,2024-12-17
C0129,18,Male,Bangalore,Basic,299,14.04,688,171,Prepaid,2025-06-14
C0130,52,Male,Bangalore,Standard,499,6.7,1113,136,Monthly,2023-09-13
C0131,54,Female,Kolkata,Premium,799,24.08,973,177,Prepaid,2023-11-03
C0132,64,Male,Delhi,Standard,499,2.11,465,76,Prepaid,2023-05-24
C0133,31,Female,Delhi,Standard,499,21.15,304,187,Prepaid,2024-10-19
C0134,20,Female,Bangalore,Basic,299,50.46,759,14,Monthly,2024-01-26
C0135,18,Female,Kolkata,Standard,499,42.84,626,291,Yearly,2025-03-23
C0136,22,Male,Delhi,Standard,499,6.14,949,213,Prepaid,2024-11-06
C0137,43,Male,Kolkata,Premium,799,3.96,60,207,Prepaid,2023-06-18
C0138,31,Female,Kolkata,Premium,799,30.17,75,168,Yearly,2023-10-25
C0139,56,Male,Kolkata,Premium,799,19.29,1006,279,Prepaid,2023-08-21
C0140,44,Male,Chennai,Basic,299,11.61,470,145,Prepaid,2023-09-28
C0141,26,Male,Hyderabad,Standard,499,20.48,545,262,Prepaid,2023-03-01
C0142,32,Female,Kolkata,Premium,799,6.59,286,3,Prepaid,2023-10-23
C0143,32,Female,Chennai,Standard,499,19.58,1058,89,Prepaid,2024-04-11
C0144,43,Male,Bangalore,Premium,799,5.42,268,59,Yearly,2023-08-23
C0145,59,Female,Delhi,Premium,799,20.55,510,15,Monthly,2024-11-07
C0146,30,Male,Hyderabad,Standard,499,10.35,712,226,Prepaid,2024-12-06
C0147,49,Male,Pune,Standard,499,15.44,684,28,Yearly,2023-08-22
C0148,56,Male,Delhi,Basic,299,15.8,1039,150,Prepaid,2024-01-03
C0149,49,Male,Hyderabad,Basic,299,39.23,238,244,Prepaid,2024-11-25
C0150,21,Female,Pune,Standard,499,18.37,304,269,Monthly,2025-04-24
C0151,47,Female,Delhi,Premium,799,24.78,117,78,Monthly,2023-08-20
C0152,54,Female,Hyderabad,Basic,299,18.07,665,288,Prepaid,2025-05-22
C0153,40,Male,Delhi,Basic,299,12.36,385,152,Prepaid,2024-05-05
C0154,56,Male,Delhi,Standard,499,10.98,720,276,Monthly,2024-09-10
C0155,62,Male,Pune,Basic,299,10.94,870,278,Monthly,2024-05-17
C0156,32,Female,Delhi,Basic,299,20.19,923,56,Monthly,2025-06-08
C0157,60,Male,Delhi,Basic,299,32.8,349,185,Prepaid,2025-01-04
C0158,46,Female,Pune,Basic,299,33.43,406,92,Prepaid,2024-08-14
C0159,53,Female,Bangalore,Basic,299,10.75,305,275,Prepaid,2025-01-15
C0160,30,Female,Kolkata,Basic,299,22.58,1057,157,Prepaid,2024-01-16
C0161,49,Female,Mumbai,Standard,499,9.25,402,274,Yearly,2024-11-26
C0162,24,Female,Chennai,Premium,799,28.58,573,180,Prepaid,2024-03-03
C0163,39,Female,Mumbai,Standard,499,9.82,999,76,Prepaid,2024-11-27
C0164,45,Male,Mumbai,Standard,499,30.78,805,150,Monthly,2024-10-07
C0165,19,Male,Hyderabad,Basic,299,22.09,333,237,Prepaid,2025-01-01
C0166,59,Female,Kolkata,Basic,299,9.86,148,288,Prepaid,2025-03-10
C0167,62,Female,Hyderabad,Standard,499,23.97,246,230,Monthly,2023-12-30
C0168,23,Male,Kolkata,Basic,299,11.02,531,17,Yearly,2023-07-21
C0169,45,Female,Pune,Standard,499,68.29,927,72,Monthly,2025-05-31
C0170,45,Female,Pune,Standard,499,12.54,664,188,Prepaid,2023-05-26
C0171,61,Male,Kolkata,Standard,499,13.02,667,16,Monthly,2025-04-15
C0172,61,Female,Delhi,Basic,299,0.76,417,18,Monthly,2024-09-30
C0173,37,Female,Bangalore,Basic,299,16.83,619,218,Prepaid,2024-04-01
C0174,47,Female,Delhi,Standard,499,4.51,639,119,Prepaid,2023-05-15
C0175,28,Male,Bangalore,Basic,299,23.7,1148,100,Yearly,2024-09-17
C0176,45,Male,Hyderabad,Standard,499,5.98,1115,33,Prepaid,2023-09-21
C0177,42,Male,Bangalore,Standard,499,31.06,471,83,Monthly,2023-03-05
C0178,56,Female,Hyderabad,Premium,799,13.77,885,195,Prepaid,2024-05-05
C0179,50,Female,Pune,Basic,299,21.53,594,201,Prepaid,2024-10-08
C0180,18,Male,Mumbai,Premium,799,18.45,120,10,Prepaid,2023-02-10
C0181,44,Female,Pune,Standard,499,37.49,1178,217,Monthly,2023-10-23
C0182,30,Female,Pune,Basic,299,2.17,1174,252,Prepaid,2023-01-03
C0183,58,Female,Mumbai,Basic,299,9.12,817,221,Monthly,2024-12-06
C0184,20,Female,Bangalore,Standard,499,18.71,356,79,Monthly,2023-04-20
C0185,56,Female,Bangalore,Basic,299,4.2,426,6,Monthly,2023-08-09
C0186,23,Male,Hyderabad,Basic,299,30.46,704,271,Yearly,2024-01-05
C0187,25,Female,Delhi,Basic,299,19.49,727,226,Monthly,2024-01-03
C0188,44,Male,Hyderabad,Premium,799,10.63,448,15,Prepaid,2024-03-11
C0189,26,Female,Delhi,Premium,799,15.92,270,11,Yearly,2023-01-04
C0190,54,Male,Pune,Standard,499,9.0,231,290,Monthly,2023-09-01
C0191,50,Female,Mumbai,Basic,299,1.94,356,240,Prepaid,2023-06-15
C0192,59,Male,Pune,Basic,299,10.02,571,20,Prepaid,2023-01-26
C0193,61,Female,Kolkata,Standard,499,2.59,1063,177,Monthly,2024-01-30
C0194,41,Male,Bangalore,Standard,499,11.13,53,227,Prepaid,2024-04-18
C0195,32,Female,Delhi,Basic,299,1.22,912,272,Monthly,2023-01-17
C0196,49,Male,Hyderabad,Standard,499,13.89,897,287,Prepaid,2024-12-28
C0197,49,Female,Mumbai,Premium,799,25.62,853,296,Prepaid,2023-04-02
C0198,41,Male,Delhi,Standard,499,1.97,264,133,Monthly,2024-04-27
C0199,58,Male,Hyderabad,Standard,499,18.5,1021,282,Prepaid,2024-06-26
C0200,29,Female,Bangalore,Premium,799,25.6,150,152,Prepaid,2023-07-24
C0201,56,Female,Pune,Basic,299,36.85,1012,65,Monthly,2024-05-16
C0202,19,Male,Bangalore,Standard,499,6.57,622,136,Prepaid,2024-02-04
C0203,20,Female,Chennai,Premium,799,9.0,707,91,Monthly,2023-07-26
C0204,54,Male,Kolkata,Basic,299,26.72,988,258,Monthly,2024-09-10
C0205,34,Male,Chennai,Standard,499,7.2,1136,102,Monthly,2023-05-26
C0206,19,Male,Mumbai,Standard,499,31.23,275,54,Prepaid,2025-05-28
C0207,19,Female,Delhi,Standard,499,9.04,154,256,Prepaid,2023-04-11
C0208,45,Male,Mumbai,Standard,499,31.09,821,100,Monthly,2025-05-29
C0209,40,Male,Pune,Premium,799,8.94,478,197,Yearly,2025-04-09
C0210,54,Female,Hyderabad,Premium,799,44.44,483,225,Monthly,2025-05-29
C0211,49,Female,Bangalore,Basic,299,29.46,1101,236,Monthly,2023-08-29
C0212,50,Female,Chennai,Premium,799,12.63,731,25,Prepaid,2025-01-28
C0213,18,Female,Chennai,Basic,299,38.61,637,120,Prepaid,2023-06-12
C0214,36,Male,Pune,Basic,299,13.09,1142,181,Prepaid,2025-06-02
C0215,19,Male,Chennai,Standard,499,16.84,915,198,Prepaid,2023-06-22
C0216,61,Male,Pune,Standard,499,25.23,795,254,Prepaid,2024-05-16
C0217,43,Male,Mumbai,Standard,499,20.4,913,121,Yearly,2024-06-30
C0218,49,Female,Bangalore,Premium,799,24.35,417,30,Prepaid,2023-10-11
C0219,23,Male,Delhi,Standard,499,16.04,300,284,Prepaid,2023-12-25
C0220,49,Male,Hyderabad,Standard,499,10.82,908,105,Prepaid,2024-01-16
C0221,21,Female,Delhi,Basic,299,16.49,905,223,Yearly,2025-05-19
C0222,28,Male,Mumbai,Premium,799,22.88,1163,272,Monthly,2024-06-16
C0223,34,Male,Hyderabad,Premium,799,24.97,610,231,Monthly,2025-03-30
C0224,55,Male,Chennai,Premium,799,10.78,343,255,Yearly,2023-06-12
C0225,41,Male,Kolkata,Basic,299,16.21,968,23,Prepaid,2024-08-31
C0226,22,Male,Mumbai,Basic,299,24.57,482,108,Monthly,2023-11-03
C0227,51,Male,Mumbai,Basic,299,64.66,108,190,Prepaid,2023-12-05
C0228,23,Female,Bangalore,Basic,299,10.33,1018,24,Prepaid,2023-02-24
C0229,39,Female,Delhi,Basic,299,12.91,885,186,Monthly,2023-11-29
C0230,28,Male,Mumbai,Premium,799,4.4,248,287,Monthly,2023-05-07
C0231,33,Male,Mumbai,Standard,499,12.24,264,115,Prepaid,2024-12-05
C0232,50,Female,Chennai,Basic,299,16.45,947,36,Prepaid,2023-08-31
C0233,26,Male,Chennai,Basic,299,13.3,521,281,Monthly,2025-05-10
C0234,23,Male,Hyderabad,Basic,299,7.43,296,136,Prepaid,2024-08-22
C0235,33,Male,Pune,Basic,299,12.19,431,226,Prepaid,2025-04-27
C0236,46,Female,Pune,Basic,299,6.65,1040,181,Prepaid,2024-02-13
C0237,20,Male,Kolkata,Basic,299,30.58,976,85,Prepaid,2024-05-17
C0238,37,Female,Pune,Premium,799,18.84,609,52,Monthly,2024-12-27
C0239,53,Male,Bangalore,Premium,799,11.29,1124,234,Prepaid,2024-08-26
C0240,36,Female,Kolkata,Basic,299,9.85,738,266,Prepaid,2023-10-30
C0241,43,Female,Hyderabad,Standard,499,24.68,429,286,Monthly,2024-04-08
C0242,20,Male,Chennai,Premium,799,3.16,523,99,Yearly,2023-08-23
C0243,36,Female,Pune,Basic,299,36.6,1153,86,Prepaid,2024-11-26
C0244,37,Male,Delhi,Basic,299,28.76,746,14,Prepaid,2023-02-07
C0245,49,Female,Chennai,Premium,799,5.36,960,100,Prepaid,2023-05-19
C0246,24,Male,Bangalore,Basic,299,19.84,1009,164,Monthly,2023-07-14
C0247,58,Male,Chennai,Standard,499,6.46,527,28,Monthly,2024-06-10
C0248,50,Female,Bangalore,Standard,499,5.26,1053,113,Monthly,2025-02-07
C0249,57,Male,Bangalore,Basic,299,3.34,975,106,Yearly,2024-10-08
C0250,56,Male,Bangalore,Basic,299,4.74,756,129,Monthly,2023-01-01
C0251,35,Female,Hyderabad,Premium,799,39.68,903,83,Monthly,2024-07-14
C0252,57,Male,Bangalore,Basic,299,32.69,1187,270,Prepaid,2023-04-06
C0253,18,Male,Bangalore,Basic,299,15.4,1066,243,Prepaid,2024-12-13
C0254,28,Female,Delhi,Standard,499,7.11,803,213,Yearly,2024-02-17
C0255,45,Female,Kolkata,Standard,499,31.34,552,165,Prepaid,2024-06-21
C0256,42,Male,Mumbai,Basic,299,24.44,866,278,Prepaid,2025-05-04
C0257,40,Male,Kolkata,Premium,799,15.69,637,58,Monthly,2024-03-04
C0258,48,Female,Bangalore,Basic,299,16.65,757,89,Prepaid,2023-08-23
C0259,47,Female,Delhi,Premium,799,33.02,1117,193,Monthly,2023-12-15
C0260,59,Male,Chennai,Premium,799,1.94,1157,122,Monthly,2025-01-25
C0261,52,Female,Delhi,Standard,499,33.37,256,135,Prepaid,2025-05-19
C0262,24,Male,Bangalore,Standard,499,48.22,200,138,Monthly,2024-04-25
C0263,33,Male,Delhi,Premium,799,14.46,717,228,Prepaid,2025-04-18
C0264,43,Male,Pune,Basic,299,3.62,577,273,Prepaid,2024-01-31
C0265,19,Male,Delhi,Standard,499,22.66,214,49,Monthly,2023-12-17
C0266,18,Male,Bangalore,Basic,299,4.63,966,117,Monthly,2024-02-20
C0267,29,Female,Hyderabad,Basic,299,19.21,1059,201,Monthly,2025-06-04
C0268,22,Female,Pune,Basic,299,18.25,86,190,Prepaid,2025-06-05
C0269,54,Female,Delhi,Premium,799,19.81,382,180,Monthly,2023-02-20
C0270,49,Female,Mumbai,Premium,799,20.18,452,77,Prepaid,2023-03-22
C0271,26,Male,Mumbai,Basic,299,11.4,463,74,Yearly,2023-02-05
C0272,58,Male,Delhi,Basic,299,3.79,94,294,Prepaid,2023-03-08
C0273,52,Male,Hyderabad,Standard,499,23.72,255,280,Monthly,2024-10-02
C0274,36,Male,Chennai,Standard,499,16.4,111,20,Prepaid,2025-05-31
C0275,33,Female,Bangalore,Basic,299,13.61,469,170,Prepaid,2024-10-28
C0276,20,Male,Mumbai,Standard,499,4.01,917,14,Prepaid,2025-01-26
C0277,37,Male,Chennai,Standard,499,7.94,869,210,Yearly,2024-09-14
C0278,41,Female,Delhi,Premium,799,15.59,68,47,Monthly,2024-11-10
C0279,50,Female,Chennai,Basic,299,48.85,414,85,Yearly,2024-04-25
C0280,41,Female,Pune,Standard,499,5.13,1080,148,Prepaid,2024-04-12
C0281,28,Female,Kolkata,Standard,499,10.56,477,187,Prepaid,2023-05-22
C0282,25,Male,Mumbai,Premium,799,25.33,1190,150,Prepaid,2023-12-22
C0283,53,Male,Delhi,Standard,499,5.85,629,140,Monthly,2024-12-09
C0284,55,Female,Bangalore,Standard,499,25.52,595,68,Prepaid,2024-04-15
C0285,57,Male,Hyderabad,Basic,299,2.86,374,259,Yearly,2024-09-12
C0286,37,Male,Pune,Premium,799,3.64,104,8,Yearly,2025-06-06
C0287,52,Male,Delhi,Standard,499,28.88,827,120,Yearly,2024-08-13
C0288,42,Female,Bangalore,Basic,299,21.41,1041,100,Monthly,2024-11-03
C0289,52,Male,Hyderabad,Standard,499,33.72,91,148,Monthly,2024-03-14
C0290,42,Female,Hyderabad,Basic,299,37.57,280,145,Monthly,2024-06-14
C0291,46,Male,Delhi,Basic,299,29.55,502,242,Prepaid,2023-05-07
C0292,35,Male,Pune,Premium,799,3.72,443,240,Monthly,2023-07-24
C0293,63,Male,Chennai,Standard,499,10.52,740,42,Prepaid,2023-01-29
C0294,35,Female,Chennai,Standard,499,0.5,441,94,Prepaid,2024-03-20
C0295,19,Male,Hyderabad,Basic,299,13.06,653,225,Prepaid,2024-12-19
C0296,52,Female,Chennai,Premium,799,20.4,930,5,Prepaid,2024-04-08
C0297,33,Female,Kolkata,Basic,299,23.17,1151,213,Prepaid,2023-10-07
C0298,58,Female,Hyderabad,Basic,299,10.11,134,205,Prepaid,2023-05-31
C0299,53,Male,Hyderabad,Premium,799,8.93,1103,66,Monthly,2023-08-28
C0300,50,Male,Bangalore,Premium,799,14.4,98,99,Prepaid,2023-09-23
C0301,21,Male,Chennai,Standard,499,13.86,118,11,Monthly,2024-11-24
C0302,50,Male,Pune,Basic,299,7.45,1131,236,Prepaid,2023-04-15
C0303,31,Female,Hyderabad,Premium,799,4.41,746,257,Monthly,2024-03-08
C0304,38,Female,Pune,Standard,499,9.86,528,134,Monthly,2024-05-11
C0305,37,Female,Kolkata,Premium,799,19.48,869,221,Monthly,2024-03-15
C0306,25,Male,Bangalore,Premium,799,12.42,196,155,Monthly,2025-01-17
C0307,24,Female,Delhi,Basic,299,2.15,1065,141,Prepaid,2024-11-15
C0308,20,Male,Pune,Basic,299,17.27,658,157,Monthly,2023-06-07
C0309,34,Female,Hyderabad,Standard,499,14.22,495,261,Prepaid,2023-06-21
C0310,50,Male,Kolkata,Basic,299,17.34,270,282,Prepaid,2024-05-08
C0311,29,Male,Mumbai,Basic,299,24.53,144,228,Monthly,2023-11-07
C0312,39,Female,Kolkata,Premium,799,14.79,311,279,Prepaid,2024-02-07
C0313,39,Female,Kolkata,Standard,499,6.93,946,289,Monthly,2024-10-30
C0314,63,Female,Bangalore,Premium,799,14.51,1144,167,Monthly,2025-02-08
C0315,47,Female,Delhi,Standard,499,12.08,268,46,Prepaid,2024-11-06
C0316,55,Male,Mumbai,Standard,499,21.85,141,202,Prepaid,2024-10-20
C0317,55,Female,Chennai,Basic,299,33.59,176,213,Prepaid,2024-10-27
C0318,62,Female,Chennai,Basic,299,5.95,129,245,Yearly,2024-04-07
C0319,25,Female,Pune,Basic,299,31.13,1032,23,Monthly,2024-01-02
C0320,44,Male,Kolkata,Basic,299,10.88,965,273,Prepaid,2024-07-03
C0321,44,Male,Bangalore,Premium,799,10.39,535,43,Prepaid,2024-10-04
C0322,51,Female,Bangalore,Basic,299,33.29,743,155,Monthly,2025-05-19
C0323,38,Male,Chennai,Standard,499,29.81,74,198,Monthly,2023-09-12
C0324,47,Female,Pune,Basic,299,10.12,205,161,Prepaid,2023-07-27
C0325,50,Male,Pune,Basic,299,6.77,681,233,Prepaid,2024-03-25
C0326,45,Male,Pune,Standard,499,20.57,1130,162,Yearly,2023-04-05
C0327,64,Male,Mumbai,Basic,299,15.99,68,115,Prepaid,2025-05-09
C0328,50,Male,Delhi,Basic,299,9.81,286,92,Prepaid,2025-04-18
C0329,22,Female,Mumbai,Basic,299,29.2,326,41,Yearly,2024-04-22
C0330,36,Female,Hyderabad,Basic,299,12.04,794,283,Monthly,2024-11-13
C0331,21,Female,Hyderabad,Premium,799,7.31,601,209,Prepaid,2025-01-31
C0332,52,Male,Delhi,Basic,299,18.41,688,205,Prepaid,2023-07-09
C0333,34,Female,Chennai,Basic,299,4.94,286,219,Prepaid,2024-12-11
C0334,61,Female,Delhi,Standard,499,9.43,1047,279,Prepaid,2024-04-28
C0335,45,Female,Bangalore,Basic,299,25.2,104,135,Yearly,2025-01-02
C0336,47,Male,Hyderabad,Premium,799,14.84,733,105,Prepaid,2024-06-19
C0337,46,Male,Kolkata,Standard,499,15.7,158,117,Monthly,2025-01-25
C0338,63,Male,Kolkata,Standard,499,9.14,422,236,Yearly,2024-02-27
C0339,23,Female,Chennai,Standard,499,10.69,1022,99,Prepaid,2025-04-15
C0340,52,Female,Bangalore,Basic,299,5.66,250,260,Prepaid,2024-10-01
C0341,58,Female,Mumbai,Standard,499,16.49,898,285,Monthly,2024-08-27
C0342,54,Male,Bangalore,Basic,299,5.61,558,102,Yearly,2025-03-22
C0343,41,Male,Kolkata,Premium,799,5.38,324,62,Monthly,2023-05-13
C0344,46,Female,Kolkata,Basic,299,11.63,260,174,Prepaid,2023-02-24
C0345,63,Male,Hyderabad,Standard,499,24.46,553,281,Monthly,2024-05-24
C0346,48,Male,Bangalore,Standard,499,6.04,1191,292,Monthly,2024-10-31
C0347,52,Male,Bangalore,Basic,299,23.76,752,225,Yearly,2024-06-24
C0348,50,Male,Kolkata,Basic,299,19.39,91,6,Prepaid,2024-02-14
C0349,38,Female,Mumbai,Standard,499,2.03,364,126,Monthly,2023-07-30
C0350,49,Male,Chennai,Premium,799,14.6,837,91,Yearly,2024-10-27
C0351,40,Male,Pune,Basic,299,5.81,378,189,Prepaid,2023-10-20
C0352,50,Male,Chennai,Premium,799,13.15,1090,52,Prepaid,2025-01-03
C0353,20,Male,Bangalore,Premium,799,10.13,332,241,Prepaid,2023-04-25
C0354,35,Female,Chennai,Premium,799,37.01,992,131,Prepaid,2024-10-31
C0355,42,Female,Kolkata,Basic,299,18.9,307,111,Prepaid,2023-09-16
C0356,59,Male,Kolkata,Standard,499,10.49,624,6,Yearly,2025-02-01
C0357,48,Male,Bangalore,Basic,299,15.26,623,229,Prepaid,2023-05-02
C0358,20,Male,Bangalore,Premium,799,23.01,661,155,Prepaid,2023-10-26
C0359,57,Male,Pune,Standard,499,13.28,1092,196,Monthly,2025-02-13
C0360,63,Male,Pune,Basic,299,35.03,886,222,Prepaid,2024-01-16
C0361,41,Male,Hyderabad,Standard,499,13.67,472,249,Prepaid,2024-07-14
C0362,49,Female,Bangalore,Basic,299,16.8,807,82,Monthly,2025-06-07
C0363,64,Male,Mumbai,Premium,799,12.29,812,239,Yearly,2025-04-20
C0364,39,Female,Chennai,Premium,799,7.94,1154,262,Monthly,2024-05-15
C0365,40,Female,Bangalore,Standard,499,9.77,473,188,Monthly,2023-10-24
C0366,19,Male,Delhi,Basic,299,12.73,478,289,Prepaid,2023-12-28
C0367,44,Female,Hyderabad,Standard,499,26.36,253,57,Yearly,2024-08-11
C0368,59,Female,Delhi,Basic,299,29.42,245,8,Prepaid,2024-04-07
C0369,19,Female,Kolkata,Basic,299,37.55,777,114,Monthly,2024-03-13
C0370,43,Female,Pune,Premium,799,7.79,334,209,Prepaid,2023-05-07
C0371,34,Female,Chennai,Basic,299,21.43,245,40,Yearly,2023-07-16
C0372,57,Female,Bangalore,Basic,299,27.29,356,172,Monthly,2023-08-09
C0373,50,Male,Delhi,Premium,799,6.69,63,233,Monthly,2023-04-01
C0374,26,Female,Chennai,Basic,299,14.23,1130,280,Prepaid,2024-02-15
C0375,60,Female,Kolkata,Basic,299,3.13,772,77,Prepaid,2023-01-08
C0376,56,Female,Pune,Premium,799,19.86,829,107,Monthly,2024-06-27
C0377,46,Male,Mumbai,Basic,299,29.18,578,280,Monthly,2024-04-12
C0378,59,Female,Hyderabad,Premium,799,4.48,847,38,Prepaid,2023-11-16
C0379,43,Male,Chennai,Premium,799,8.34,393,118,Yearly,2024-01-29
C0380,52,Female,Chennai,Premium,799,8.15,258,26,Yearly,2023-09-26
C0381,42,Male,Mumbai,Standard,499,6.41,690,103,Prepaid,2023-07-10
C0382,41,Male,Chennai,Basic,299,14.3,301,73,Monthly,2025-05-10
C0383,30,Female,Kolkata,Basic,299,18.76,320,190,Monthly,2024-11-05
C0384,24,Female,Kolkata,Premium,799,20.72,969,146,Prepaid,2023-03-02
C0385,53,Male,Mumbai,Premium,799,23.97,468,254,Prepaid,2024-03-13
C0386,62,Female,Hyderabad,Standard,499,37.81,844,283,Monthly,2023-09-21
C0387,37,Male,Bangalore,Basic,299,14.08,1149,212,Monthly,2025-03-07
C0388,18,Male,Delhi,Basic,299,11.18,774,122,Prepaid,2023-04-05
C0389,25,Male,Bangalore,Basic,299,37.19,482,205,Monthly,2024-07-06
C0390,63,Male,Chennai,Standard,499,14.2,158,239,Monthly,2024-04-14
C0391,33,Male,Delhi,Standard,499,9.72,690,285,Monthly,2024-10-22
C0392,31,Female,Mumbai,Premium,799,31.81,1120,21,Prepaid,2024-12-16
C0393,29,Male,Mumbai,Standard,499,11.49,428,258,Yearly,2025-02-17
C0394,40,Male,Hyderabad,Basic,299,20.49,1169,104,Prepaid,2024-05-28
C0395,32,Female,Delhi,Standard,499,9.39,1007,257,Prepaid,2024-11-20
C0396,45,Male,Kolkata,Standard,499,19.62,152,203,Prepaid,2023-07-13
C0397,51,Female,Delhi,Standard,499,20.9,941,261,Prepaid,2024-04-26
C0398,19,Female,Chennai,Standard,499,31.77,903,106,Yearly,2025-06-17
C0399,49,Female,Kolkata,Premium,799,11.37,1100,250,Prepaid,2023-12-02
C0400,40,Male,Pune,Premium,799,15.09,579,220,Monthly,2024-03-10
C0401,39,Male,Pune,Basic,299,17.78,728,221,Prepaid,2023-07-15
C0402,42,Male,Pune,Basic,299,13.9,1038,257,Prepaid,2025-05-04
C0403,39,Female,Mumbai,Standard,499,8.1,1155,200,Yearly,2023-09-06
C0404,39,Male,Delhi,Basic,299,25.72,477,257,Monthly,2024-05-12
C0405,59,Female,Pune,Basic,299,14.64,871,224,Prepaid,2023-07-31
C0406,23,Male,Bangalore,Basic,299,4.0,981,201,Monthly,2024-10-26
C0407,32,Female,Hyderabad,Standard,499,5.72,1111,225,Prepaid,2024-10-31
C0408,60,Male,Bangalore,Basic,299,10.94,560,235,Prepaid,2024-04-10
C0409,54,Male,Pune,Standard,499,9.29,442,182,Monthly,2025-05-23
C0410,50,Male,Hyderabad,Premium,799,4.87,762,199,Monthly,2024-10-12
C0411,25,Female,Chennai,Basic,299,6.0,543,245,Prepaid,2023-08-09
C0412,61,Female,Bangalore,Basic,299,34.53,596,110,Yearly,2023-09-30
C0413,61,Male,Delhi,Basic,299,25.03,643,5,Monthly,2023-06-03
C0414,22,Male,Delhi,Premium,799,29.43,438,235,Prepaid,2023-09-06
C0415,56,Female,Bangalore,Basic,299,33.86,207,126,Monthly,2023-10-06
C0416,21,Female,Pune,Basic,299,10.9,1077,103,Monthly,2024-03-15
C0417,23,Female,Delhi,Basic,299,19.62,216,236,Monthly,2025-03-26
C0418,62,Male,Chennai,Premium,799,1.97,1009,154,Prepaid,2023-10-03
C0419,49,Female,Kolkata,Standard,499,18.81,458,256,Monthly,2024-05-28
C0420,47,Male,Pune,Premium,799,7.71,243,234,Prepaid,2023-03-29
C0421,64,Female,Chennai,Premium,799,9.51,284,288,Monthly,2025-03-09
C0422,52,Male,Hyderabad,Basic,299,16.13,767,39,Monthly,2024-10-03
C0423,57,Female,Chennai,Premium,799,13.25,865,287,Prepaid,2024-05-19
C0424,33,Female,Pune,Basic,299,9.21,453,196,Monthly,2024-08-12
C0425,30,Female,Hyderabad,Premium,799,9.56,942,272,Yearly,2025-02-10
C0426,59,Female,Pune,Standard,499,6.67,727,263,Yearly,2023-08-29
C0427,47,Female,Delhi,Premium,799,4.74,117,56,Prepaid,2024-10-14
C0428,36,Male,Kolkata,Basic,299,4.51,137,297,Prepaid,2025-01-09
C0429,34,Female,Pune,Basic,299,22.09,266,97,Monthly,2024-11-05
C0430,36,Female,Pune,Basic,299,11.35,50,136,Prepaid,2023-08-24
C0431,45,Female,Delhi,Basic,299,30.92,189,86,Yearly,2023-05-08
C0432,43,Male,Mumbai,Basic,299,20.54,667,241,Prepaid,2024-05-17
C0433,54,Female,Delhi,Basic,299,17.32,182,198,Prepaid,2023-07-19
C0434,43,Male,Hyderabad,Basic,299,5.79,227,83,Prepaid,2024-06-26
C0435,40,Female,Delhi,Standard,499,5.69,859,241,Prepaid,2024-05-16
C0436,26,Female,Delhi,Premium,799,14.35,429,280,Monthly,2024-10-11
C0437,29,Male,Kolkata,Standard,499,13.69,957,251,Prepaid,2024-05-06
C0438,18,Female,Delhi,Basic,299,9.66,707,189,Prepaid,2023-01-21
C0439,18,Male,Pune,Standard,499,16.98,499,151,Prepaid,2023-08-22
C0440,64,Male,Kolkata,Basic,299,16.03,635,277,Monthly,2024-12-14
C0441,51,Female,Bangalore,Premium,799,14.18,512,138,Prepaid,2025-03-01
C0442,49,Male,Mumbai,Basic,299,26.06,1039,175,Monthly,2024-10-04
C0443,42,Female,Kolkata,Standard,499,36.65,1181,7,Monthly,2024-02-20
C0444,57,Female,Hyderabad,Premium,799,13.38,171,294,Monthly,2023-05-28
C0445,62,Male,Bangalore,Premium,799,10.86,66,234,Yearly,2023-01-29
C0446,18,Male,Kolkata,Standard,499,37.97,376,162,Yearly,2023-12-27
C0447,33,Male,Kolkata,Premium,799,15.04,367,48,Yearly,2023-11-04
C0448,56,Male,Mumbai,Premium,799,21.6,858,37,Prepaid,2025-06-01
C0449,22,Female,Pune,Standard,499,7.65,552,135,Prepaid,2023-06-11
C0450,39,Female,Hyderabad,Standard,499,7.55,168,218,Prepaid,2025-05-18
C0451,46,Male,Chennai,Standard,499,10.93,759,295,Yearly,2025-05-01
C0452,20,Female,Chennai,Standard,499,14.76,94,33,Yearly,2023-03-02
C0453,29,Female,Kolkata,Standard,499,15.5,363,78,Yearly,2023-05-05
C0454,43,Female,Delhi,Standard,499,10.05,467,235,Prepaid,2024-03-31
C0455,33,Female,Hyderabad,Basic,299,17.69,605,272,Yearly,2023-03-12
C0456,54,Male,Bangalore,Basic,299,16.78,1151,160,Prepaid,2025-04-17
C0457,39,Male,Delhi,Basic,299,32.71,375,174,Prepaid,2025-05-25
C0458,46,Female,Delhi,Basic,299,7.76,564,220,Prepaid,2024-04-10
C0459,31,Male,Hyderabad,Basic,299,20.9,263,8,Prepaid,2023-08-31
C0460,45,Male,Pune,Standard,499,13.21,123,288,Monthly,2024-05-04
C0461,22,Male,Kolkata,Basic,299,9.29,558,112,Prepaid,2025-01-30
C0462,64,Female,Kolkata,Premium,799,5.62,381,204,Prepaid,2023-08-09
C0463,47,Female,Kolkata,Basic,299,15.05,1166,185,Monthly,2024-04-17
C0464,63,Female,Kolkata,Basic,299,10.89,737,196,Yearly,2024-06-16
C0465,22,Male,Chennai,Standard,499,14.34,706,265,Monthly,2024-05-08
C0466,29,Female,Kolkata,Standard,499,5.09,1077,261,Prepaid,2025-06-17
C0467,33,Female,Chennai,Basic,299,14.82,649,247,Monthly,2023-03-23
C0468,43,Male,Chennai,Premium,799,14.21,1125,114,Yearly,2025-05-05
C0469,43,Female,Pune,Premium,799,21.86,374,120,Prepaid,2025-05-28
C0470,38,Female,Kolkata,Basic,299,31.17,1041,140,Monthly,2024-06-05
C0471,56,Male,Mumbai,Basic,299,17.25,766,64,Prepaid,2023-01-12
C0472,53,Male,Bangalore,Premium,799,8.84,772,275,Prepaid,2023-09-20
C0473,50,Male,Delhi,Standard,499,15.1,326,238,Monthly,2024-10-18
C0474,47,Female,Chennai,Standard,499,11.51,585,9,Yearly,2024-03-24
C0475,54,Female,Hyderabad,Premium,799,16.95,201,232,Prepaid,2023-07-11
C0476,40,Female,Hyderabad,Basic,299,3.61,1004,194,Monthly,2025-01-31
C0477,27,Male,Bangalore,Standard,499,25.21,308,11,Yearly,2023-04-24
C0478,22,Male,Hyderabad,Basic,299,7.62,373,176,Yearly,2023-01-26
C0479,53,Female,Mumbai,Premium,799,7.36,1066,176,Prepaid,2025-02-21
C0480,51,Female,Hyderabad,Standard,499,13.69,918,216,Yearly,2024-05-13
C0481,48,Male,Delhi,Standard,499,11.48,737,10,Prepaid,2024-05-22
C0482,27,Male,Delhi,Basic,299,16.96,359,117,Monthly,2024-06-28
C0483,36,Male,Chennai,Basic,299,14.55,852,163,Prepaid,2023-03-03
C0484,49,Male,Kolkata,Standard,499,22.84,1129,38,Prepaid,2023-08-17
C0485,18,Female,Pune,Standard,499,11.79,669,52,Monthly,2025-03-25
C0486,22,Male,Mumbai,Standard,499,14.92,522,217,Prepaid,2024-08-29
C0487,62,Female,Chennai,Basic,299,33.57,510,205,Prepaid,2023-02-04
C0488,21,Female,Mumbai,Premium,799,7.71,863,55,Prepaid,2024-12-05
C0489,33,Female,Kolkata,Basic,299,6.33,895,117,Monthly,2024-03-31
C0490,41,Male,Hyderabad,Premium,799,13.89,716,252,Prepaid,2024-08-10
C0491,33,Male,Hyderabad,Basic,299,3.68,311,285,Monthly,2025-06-09
C0492,19,Male,Pune,Standard,499,6.69,404,267,Prepaid,2024-05-16
C0493,45,Male,Kolkata,Basic,299,5.43,819,290,Prepaid,2025-01-30
C0494,49,Female,Chennai,Premium,799,1.52,229,179,Prepaid,2024-08-17
C0495,44,Male,Pune,Standard,499,7.98,115,234,Prepaid,2023-01-25
C0496,37,Male,Kolkata,Basic,299,10.74,869,195,Prepaid,2024-07-22
C0497,41,Female,Bangalore,Basic,299,8.39,220,79,Prepaid,2023-02-01
C0498,29,Male,Delhi,Basic,299,5.18,523,134,Yearly,2025-04-10
C0499,52,Female,Pune,Basic,299,1.84,583,21,Monthly,2023-01-12
C0500,50,Female,Pune,Premium,799,9.8,1180,224,Prepaid,2023-11-15
C0501,50,Female,Chennai,Standard,499,10.79,488,57,Prepaid,2025-04-24
C0502,60,Female,Mumbai,Premium,799,3.49,884,92,Yearly,2024-08-26
C0503,54,Female,Bangalore,Standard,499,9.67,276,191,Prepaid,2023-01-01
C0504,29,Female,Chennai,Standard,499,11.77,491,102,Prepaid,2024-03-10
C0505,20,Female,Kolkata,Basic,299,14.88,445,6,Monthly,2025-04-17
C0506,18,Female,Kolkata,Basic,299,18.36,777,127,Monthly,2023-05-16
C0507,50,Male,Kolkata,Premium,799,21.8,133,54,Monthly,2023-07-15
C0508,57,Male,Kolkata,Premium,799,7.61,1086,230,Prepaid,2023-05-13
C0509,27,Male,Mumbai,Basic,299,7.97,742,61,Prepaid,2023-03-27
C0510,60,Male,Bangalore,Basic,299,5.65,542,239,Monthly,2024-04-20
C0511,61,Female,Hyderabad,Standard,499,11.53,1193,89,Prepaid,2025-03-17
C0512,46,Male,Delhi,Premium,799,10.98,1019,231,Monthly,2025-03-01
C0513,30,Female,Mumbai,Basic,299,1.35,402,232,Monthly,2023-11-20
C0514,29,Male,Mumbai,Standard,499,4.28,1130,291,Prepaid,2023-06-29
C0515,48,Male,Hyderabad,Premium,799,12.1,89,151,Yearly,2024-05-30
C0516,63,Male,Hyderabad,Basic,299,14.72,689,144,Monthly,2024-09-29
C0517,19,Female,Delhi,Basic,299,5.73,222,129,Monthly,2023-06-24
C0518,52,Male,Delhi,Standard,499,23.23,308,140,Prepaid,2025-02-01
C0519,40,Female,Hyderabad,Premium,799,25.48,566,92,Prepaid,2023-01-21
C0520,34,Female,Kolkata,Basic,299,8.53,779,113,Prepaid,2023-04-15
C0521,43,Male,Mumbai,Standard,499,11.11,572,283,Prepaid,2024-07-31
C0522,25,Male,Chennai,Standard,499,11.97,888,142,Yearly,2024-03-18
C0523,46,Male,Delhi,Standard,499,15.57,166,222,Prepaid,2025-02-13
C0524,43,Female,Delhi,Standard,499,11.65,233,231,Prepaid,2023-02-18
C0525,27,Male,Hyderabad,Standard,499,12.77,1189,32,Prepaid,2024-06-11
C0526,43,Female,Bangalore,Standard,499,5.51,211,275,Monthly,2023-05-25
C0527,51,Female,Chennai,Standard,499,7.07,592,169,Prepaid,2023-12-06
C0528,58,Male,Chennai,Standard,499,11.97,888,139,Prepaid,2025-01-31
C0529,24,Male,Delhi,Standard,499,13.14,1139,200,Prepaid,2025-05-04
C0530,21,Female,Kolkata,Premium,799,32.29,1143,22,Yearly,2023-12-20
C0531,62,Female,Bangalore,Basic,299,16.98,496,223,Prepaid,2023-03-16
C0532,28,Female,Chennai,Premium,799,5.2,465,269,Yearly,2025-03-12
C0533,46,Male,Delhi,Premium,799,10.46,581,152,Monthly,2025-03-04
C0534,53,Female,Chennai,Basic,299,9.99,490,84,Prepaid,2024-07-31
C0535,42,Male,Pune,Standard,499,11.18,787,108,Monthly,2024-09-28
C0536,38,Female,Bangalore,Standard,499,14.29,513,30,Prepaid,2023-11-15
C0537,53,Female,Bangalore,Basic,299,9.04,445,228,Yearly,2023-03-28
C0538,27,Male,Pune,Basic,299,26.92,760,239,Monthly,2024-07-06
C0539,54,Female,Mumbai,Basic,299,4.78,444,140,Prepaid,2024-11-28
C0540,26,Male,Pune,Basic,299,11.96,375,155,Prepaid,2025-05-15
C0541,41,Male,Hyderabad,Premium,799,35.7,1164,298,Prepaid,2025-06-10
C0542,52,Female,Hyderabad,Basic,299,8.06,799,98,Yearly,2025-04-26
C0543,52,Male,Delhi,Premium,799,8.17,1143,46,Prepaid,2025-02-16
C0544,53,Male,Bangalore,Standard,499,34.29,691,66,Monthly,2025-02-21
C0545,35,Female,Mumbai,Premium,799,16.26,263,61,Prepaid,2023-02-11
C0546,56,Male,Mumbai,Standard,499,12.32,418,108,Yearly,2023-04-03
C0547,49,Male,Chennai,Basic,299,12.23,98,166,Prepaid,2024-11-27
C0548,41,Male,Chennai,Standard,499,25.05,1125,36,Monthly,2024-12-27
C0549,40,Female,Pune,Basic,299,8.53,182,118,Prepaid,2024-05-21
C0550,49,Male,Mumbai,Standard,499,4.59,1048,85,Monthly,2024-06-12
C0551,54,Female,Pune,Premium,799,4.86,835,51,Prepaid,2023-09-22
C0552,29,Female,Pune,Basic,299,15.88,422,90,Prepaid,2024-09-17
C0553,30,Male,Chennai,Basic,299,7.13,528,288,Prepaid,2023-10-19
C0554,40,Male,Bangalore,Standard,499,14.31,881,297,Monthly,2024-04-08
C0555,42,Male,Pune,Premium,799,5.36,699,203,Prepaid,2025-03-14
C0556,52,Female,Kolkata,Standard,499,17.58,731,237,Monthly,2024-07-13
C0557,58,Male,Bangalore,Basic,299,41.41,737,154,Prepaid,2025-03-29
C0558,47,Male,Mumbai,Standard,499,15.29,131,239,Yearly,2023-04-07
C0559,34,Male,Mumbai,Basic,299,0.47,136,135,Yearly,2025-06-05
C0560,37,Male,Pune,Standard,499,27.33,274,63,Monthly,2023-04-05
C0561,42,Male,Bangalore,Premium,799,7.73,65,122,Prepaid,2023-11-22
C0562,39,Female,Chennai,Standard,499,3.08,871,253,Prepaid,2023-03-15
C0563,30,Female,Chennai,Premium,799,1.96,212,113,Prepaid,2023-12-02
C0564,36,Male,Hyderabad,Basic,299,44.24,563,19,Prepaid,2023-03-09
C0565,53,Male,Mumbai,Standard,499,13.1,399,15,Monthly,2025-01-27
C0566,29,Male,Delhi,Premium,799,8.01,730,144,Monthly,2023-03-18
C0567,58,Male,Hyderabad,Basic,299,9.83,1165,207,Yearly,2023-07-27
C0568,36,Female,Chennai,Premium,799,3.13,230,18,Prepaid,2025-06-02
C0569,29,Male,Bangalore,Basic,299,14.46,792,165,Monthly,2025-02-04
C0570,26,Female,Chennai,Standard,499,18.52,709,37,Prepaid,2023-08-09
C0571,24,Female,Bangalore,Premium,799,5.46,542,180,Monthly,2023-09-19
C0572,45,Male,Hyderabad,Standard,499,15.67,972,104,Prepaid,2024-02-14
C0573,31,Female,Mumbai,Basic,299,49.87,177,99,Prepaid,2023-11-27
C0574,48,Female,Chennai,Standard,499,20.02,614,89,Prepaid,2023-12-10
C0575,36,Female,Pune,Standard,499,12.52,599,299,Monthly,2025-02-09
C0576,64,Female,Bangalore,Premium,799,4.78,502,78,Yearly,2025-03-30
C0577,33,Male,Mumbai,Standard,499,21.0,520,72,Prepaid,2023-03-15
C0578,22,Male,Delhi,Basic,299,16.55,1037,175,Prepaid,2024-09-28
C0579,52,Female,Bangalore,Standard,499,7.78,787,95,Prepaid,2024-11-30
C0580,29,Male,Hyderabad,Standard,499,16.52,273,102,Monthly,2023-09-11
C0581,42,Male,Delhi,Standard,499,4.86,203,223,Prepaid,2025-04-12
C0582,38,Male,Delhi,Standard,499,13.71,609,5,Monthly,2025-03-30
C0583,53,Male,Kolkata,Premium,799,10.5,400,121,Yearly,2025-01-16
C0584,40,Male,Chennai,Standard,499,31.72,398,235,Yearly,2025-01-31
C0585,33,Female,Bangalore,Standard,499,12.18,231,115,Prepaid,2023-11-28
C0586,56,Male,Delhi,Basic,299,45.61,686,162,Yearly,2024-02-02
C0587,62,Male,Kolkata,Basic,299,11.91,1067,225,Monthly,2023-12-11
C0588,59,Male,Hyderabad,Basic,299,16.71,228,229,Prepaid,2024-08-06
C0589,56,Male,Mumbai,Basic,299,27.92,1112,181,Monthly,2025-01-16
C0590,31,Female,Pune,Standard,499,20.41,821,248,Monthly,2025-04-15
C0591,48,Female,Pune,Standard,499,1.86,943,209,Prepaid,2024-10-29
C0592,22,Female,Bangalore,Standard,499,16.61,1076,143,Prepaid,2024-03-30
C0593,52,Female,Delhi,Premium,799,15.95,1065,95,Prepaid,2023-04-25
C0594,40,Male,Pune,Premium,799,3.4,113,243,Monthly,2023-11-09
C0595,46,Female,Chennai,Premium,799,22.35,78,85,Prepaid,2023-08-16
C0596,60,Male,Pune,Standard,499,3.6,421,183,Yearly,2025-04-13
C0597,28,Male,Pune,Standard,499,18.01,146,120,Monthly,2025-05-07
C0598,35,Male,Pune,Standard,499,11.13,1042,91,Monthly,2023-09-02
C0599,64,Male,Kolkata,Basic,299,18.42,70,69,Prepaid,2025-03-28
C0600,29,Male,Delhi,Basic,299,13.78,784,132,Monthly,2024-06-09
C0601,26,Female,Chennai,Premium,799,11.2,1175,278,Prepaid,2024-06-11
C0602,27,Female,Delhi,Premium,799,12.28,1119,136,Prepaid,2024-03-02
C0603,61,Female,Bangalore,Basic,299,4.36,115,186,Monthly,2023-02-11
C0604,34,Female,Bangalore,Standard,499,22.97,652,220,Prepaid,2024-04-09
C0605,55,Male,Bangalore,Premium,799,5.25,1184,45,Monthly,2024-09-13
C0606,24,Female,Hyderabad,Basic,299,14.64,387,277,Prepaid,2023-10-05
C0607,63,Male,Pune,Basic,299,14.12,172,191,Prepaid,2025-04-15
C0608,30,Female,Hyderabad,Premium,799,22.99,496,7,Prepaid,2023-01-19
C0609,57,Male,Kolkata,Standard,499,8.79,660,275,Yearly,2023-03-07
C0610,59,Male,Bangalore,Basic,299,4.37,720,178,Monthly,2023-06-16
C0611,26,Female,Chennai,Standard,499,12.43,664,38,Monthly,2024-08-07
C0612,44,Male,Delhi,Premium,799,16.12,946,292,Prepaid,2024-02-07
C0613,19,Male,Pune,Standard,499,12.22,330,177,Prepaid,2025-04-01
C0614,22,Female,Mumbai,Basic,299,23.68,1116,161,Yearly,2024-02-13
C0615,46,Male,Chennai,Basic,299,11.96,645,103,Prepaid,2023-04-22
C0616,54,Female,Pune,Standard,499,2.11,752,160,Prepaid,2023-10-01
C0617,55,Female,Hyderabad,Standard,499,6.09,1124,286,Monthly,2024-02-11
C0618,36,Female,Hyderabad,Premium,799,29.98,259,122,Prepaid,2024-01-08
C0619,25,Male,Chennai,Basic,299,14.75,175,53,Monthly,2024-08-19
C0620,62,Male,Hyderabad,Premium,799,6.06,541,33,Monthly,2024-10-12
C0621,18,Male,Bangalore,Basic,299,14.07,1009,241,Prepaid,2023-02-08
C0622,39,Female,Kolkata,Basic,299,11.54,1019,112,Prepaid,2023-04-15
C0623,34,Male,Delhi,Basic,299,12.3,630,22,Prepaid,2023-11-20
C0624,24,Female,Kolkata,Basic,299,2.26,826,45,Yearly,2025-03-03
C0625,42,Female,Pune,Standard,499,15.63,307,134,Monthly,2024-02-18
C0626,62,Male,Delhi,Standard,499,3.73,279,117,Prepaid,2024-03-04
C0627,21,Female,Delhi,Basic,299,5.72,238,188,Prepaid,2024-09-26
C0628,53,Male,Kolkata,Standard,499,6.23,59,130,Monthly,2024-12-30
C0629,23,Male,Chennai,Basic,299,7.43,1187,211,Monthly,2025-06-07
C0630,48,Male,Delhi,Premium,799,12.61,1149,112,Prepaid,2023-03-02
C0631,36,Male,Kolkata,Premium,799,13.36,725,43,Prepaid,2024-09-03
C0632,61,Male,Delhi,Basic,299,20.89,551,127,Prepaid,2023-11-03
C0633,56,Female,Mumbai,Standard,499,34.37,134,157,Monthly,2023-12-20
C0634,44,Female,Chennai,Basic,299,25.19,98,272,Yearly,2024-01-28
C0635,27,Female,Bangalore,Basic,299,5.49,887,44,Prepaid,2023-07-23
C0636,43,Male,Delhi,Basic,299,14.24,1057,107,Monthly,2023-09-15
C0637,36,Male,Mumbai,Premium,799,24.13,738,218,Prepaid,2024-04-30
C0638,56,Male,Bangalore,Standard,499,20.8,436,176,Prepaid,2024-05-31
C0639,20,Female,Bangalore,Basic,299,35.0,1019,227,Prepaid,2024-03-21
C0640,62,Male,Pune,Premium,799,15.05,1055,190,Monthly,2024-12-09
C0641,30,Female,Delhi,Standard,499,8.96,267,159,Prepaid,2023-06-29
C0642,45,Female,Kolkata,Premium,799,22.31,1054,266,Monthly,2023-12-08
C0643,37,Male,Delhi,Standard,499,14.88,304,189,Prepaid,2023-05-13
C0644,45,Male,Mumbai,Standard,499,17.9,285,174,Prepaid,2024-03-18
C0645,25,Female,Bangalore,Basic,299,30.22,1099,289,Prepaid,2025-04-15
C0646,58,Male,Delhi,Basic,299,15.33,320,144,Monthly,2023-09-10
C0647,56,Female,Kolkata,Premium,799,24.88,172,231,Prepaid,2023-09-22
C0648,18,Male,Pune,Basic,299,8.92,705,203,Monthly,2023-04-03
C0649,20,Male,Delhi,Premium,799,6.13,308,212,Prepaid,2024-10-23
C0650,30,Female,Chennai,Standard,499,12.98,997,39,Prepaid,2024-02-15
C0651,45,Male,Pune,Basic,299,11.83,96,274,Prepaid,2023-05-18
C0652,42,Female,Kolkata,Basic,299,24.79,912,81,Prepaid,2023-07-27
C0653,50,Male,Mumbai,Basic,299,31.47,574,180,Prepaid,2024-09-28
C0654,55,Female,Bangalore,Premium,799,30.97,937,82,Prepaid,2025-01-15
C0655,23,Female,Delhi,Standard,499,1.48,257,261,Monthly,2024-07-26
C0656,61,Male,Kolkata,Basic,299,5.05,796,271,Monthly,2023-11-03
C0657,62,Female,Pune,Basic,299,8.93,198,199,Prepaid,2023-09-23
C0658,49,Male,Chennai,Basic,299,9.12,487,239,Prepaid,2024-10-07
C0659,62,Male,Kolkata,Standard,499,6.91,204,179,Prepaid,2023-11-14
C0660,64,Male,Hyderabad,Basic,299,9.04,1163,170,Prepaid,2023-04-23
C0661,38,Female,Chennai,Premium,799,31.27,407,294,Prepaid,2024-01-13
C0662,33,Female,Pune,Basic,299,22.79,505,176,Yearly,2024-03-29
C0663,38,Male,Mumbai,Basic,299,7.32,825,236,Prepaid,2023-07-10
C0664,28,Male,Bangalore,Standard,499,10.83,678,137,Prepaid,2025-06-09
C0665,54,Female,Pune,Standard,499,15.56,881,128,Prepaid,2024-03-15
C0666,53,Male,Mumbai,Premium,799,2.52,535,48,Prepaid,2023-07-06
C0667,52,Male,Delhi,Standard,499,10.76,582,163,Monthly,2025-04-10
C0668,36,Female,Kolkata,Basic,299,10.61,249,276,Prepaid,2024-01-02
C0669,37,Male,Hyderabad,Standard,499,10.34,420,292,Prepaid,2023-03-30
C0670,35,Female,Chennai,Basic,299,23.12,1063,115,Monthly,2023-07-06
C0671,64,Male,Chennai,Basic,299,10.31,902,23,Prepaid,2025-03-29
C0672,58,Female,Kolkata,Premium,799,2.19,297,24,Monthly,2023-05-12
C0673,31,Male,Hyderabad,Premium,799,24.36,837,126,Monthly,2025-05-21
C0674,32,Male,Kolkata,Premium,799,8.05,313,233,Prepaid,2024-09-26
C0675,48,Female,Delhi,Standard,499,6.2,1131,208,Monthly,2024-07-13
C0676,18,Male,Mumbai,Standard,499,8.31,80,92,Prepaid,2025-03-10
C0677,20,Female,Pune,Basic,299,31.92,654,93,Monthly,2024-01-11
C0678,33,Male,Chennai,Basic,299,3.45,551,224,Prepaid,2024-11-21
C0679,40,Female,Delhi,Premium,799,16.85,1157,279,Prepaid,2024-11-22
C0680,28,Female,Mumbai,Basic,299,9.14,935,10,Monthly,2023-04-09
C0681,29,Female,Delhi,Premium,799,16.45,598,11,Yearly,2025-04-21
C0682,27,Female,Hyderabad,Standard,499,3.85,888,34,Yearly,2023-02-03
C0683,49,Male,Chennai,Basic,299,11.15,1166,227,Monthly,2024-08-04
C0684,33,Male,Pune,Standard,499,10.8,897,219,Prepaid,2023-06-20
C0685,25,Female,Kolkata,Standard,499,10.8,663,140,Prepaid,2024-01-01
C0686,55,Female,Kolkata,Basic,299,4.3,461,22,Prepaid,2025-02-22
C0687,29,Female,Mumbai,Premium,799,7.35,481,82,Prepaid,2023-02-28
C0688,41,Male,Pune,Standard,499,13.06,727,228,Prepaid,2023-06-30
C0689,45,Male,Bangalore,Basic,299,1.17,208,79,Yearly,2023-01-19
C0690,25,Male,Hyderabad,Standard,499,3.7,63,289,Prepaid,2023-08-14
C0691,45,Male,Mumbai,Premium,799,12.04,422,158,Prepaid,2024-04-17
C0692,53,Female,Bangalore,Basic,299,14.1,274,127,Prepaid,2023-04-05
C0693,43,Female,Delhi,Premium,799,9.71,1146,189,Monthly,2025-05-30
C0694,25,Female,Hyderabad,Basic,299,12.84,560,30,Monthly,2023-10-24
C0695,45,Male,Delhi,Premium,799,7.82,652,14,Monthly,2024-08-15
C0696,45,Male,Pune,Standard,499,22.87,265,74,Prepaid,2023-06-24
C0697,54,Male,Chennai,Basic,299,30.21,1037,33,Monthly,2023-08-10
C0698,58,Female,Hyderabad,Basic,299,3.97,889,195,Prepaid,2024-09-06
C0699,53,Female,Bangalore,Premium,799,6.79,776,28,Yearly,2023-02-23
C0700,44,Male,Chennai,Standard,499,21.59,603,193,Monthly,2024-11-25
C0701,34,Female,Kolkata,Standard,499,10.19,1115,15,Prepaid,2025-05-12
C0702,26,Male,Bangalore,Basic,299,18.77,725,76,Prepaid,2024-02-07
C0703,50,Male,Mumbai,Premium,799,24.73,922,292,Monthly,2023-11-14
C0704,37,Female,Kolkata,Standard,499,55.57,332,80,Prepaid,2025-05-16
C0705,30,Male,Kolkata,Premium,799,8.96,1131,123,Yearly,2023-12-15
C0706,45,Female,Mumbai,Basic,299,10.36,883,18,Prepaid,2024-03-18
C0707,46,Male,Hyderabad,Standard,499,0.83,586,101,Prepaid,2025-04-12
C0708,30,Female,Kolkata,Standard,499,28.96,1146,76,Prepaid,2024-08-02
C0709,63,Female,Pune,Basic,299,19.57,972,228,Prepaid,2024-06-23
C0710,52,Female,Bangalore,Standard,499,20.75,891,296,Prepaid,2025-02-24
C0711,23,Male,Chennai,Basic,299,14.45,997,202,Prepaid,2023-10-09
C0712,35,Male,Kolkata,Standard,499,10.02,714,60,Monthly,2023-12-26
C0713,22,Female,Bangalore,Standard,499,23.59,1198,25,Prepaid,2025-04-02
C0714,64,Female,Delhi,Basic,299,5.0,116,70,Yearly,2024-09-22
C0715,42,Male,Bangalore,Standard,499,26.0,55,102,Monthly,2025-06-10
C0716,19,Male,Chennai,Standard,499,7.57,686,156,Monthly,2024-10-07
C0717,27,Male,Bangalore,Basic,299,10.14,363,193,Prepaid,2024-10-02
C0718,47,Female,Mumbai,Premium,799,13.52,614,274,Prepaid,2023-01-08
C0719,62,Male,Chennai,Premium,799,13.47,875,185,Prepaid,2024-07-16
C0720,22,Male,Hyderabad,Standard,499,17.83,555,112,Monthly,2024-05-05
C0721,50,Female,Delhi,Basic,299,4.63,1155,164,Yearly,2023-12-07
C0722,18,Male,Mumbai,Premium,799,12.67,1075,60,Prepaid,2024-04-16
C0723,35,Male,Hyderabad,Standard,499,16.91,253,91,Prepaid,2025-03-03
C0724,49,Male,Bangalore,Basic,299,4.37,711,285,Yearly,2024-11-17
C0725,64,Female,Chennai,Standard,499,10.35,854,152,Prepaid,2024-11-25
C0726,28,Female,Delhi,Standard,499,30.43,453,224,Monthly,2024-12-04
C0727,38,Female,Mumbai,Standard,499,9.33,1176,126,Monthly,2023-09-06
C0728,43,Female,Hyderabad,Standard,499,22.78,585,192,Monthly,2023-08-23
C0729,42,Female,Hyderabad,Standard,499,12.33,626,114,Prepaid,2023-03-24
C0730,39,Female,Delhi,Premium,799,35.53,812,261,Prepaid,2023-04-03
C0731,44,Female,Pune,Basic,299,11.55,166,17,Monthly,2025-06-03
C0732,30,Male,Bangalore,Standard,499,13.35,677,9,Yearly,2024-01-29
C0733,50,Male,Delhi,Premium,799,23.17,798,91,Prepaid,2025-04-03
C0734,51,Female,Hyderabad,Standard,499,6.44,154,138,Prepaid,2023-09-25
C0735,58,Male,Kolkata,Standard,499,8.72,544,51,Monthly,2024-02-21
C0736,52,Male,Mumbai,Standard,499,41.34,95,194,Yearly,2024-09-23
C0737,18,Female,Delhi,Standard,499,7.95,872,205,Monthly,2024-08-05
C0738,38,Male,Pune,Premium,799,13.94,1031,286,Yearly,2024-06-12
C0739,23,Male,Hyderabad,Standard,499,18.03,1009,92,Prepaid,2023-09-10
C0740,45,Male,Bangalore,Premium,799,33.37,894,144,Prepaid,2023-05-02
C0741,34,Male,Hyderabad,Basic,299,2.85,498,85,Monthly,2025-06-10
C0742,22,Male,Bangalore,Basic,299,5.53,585,152,Monthly,2023-01-10
C0743,48,Female,Delhi,Standard,499,20.64,560,1,Prepaid,2025-03-09
C0744,22,Female,Bangalore,Basic,299,33.84,589,259,Prepaid,2023-11-12
C0745,55,Female,Chennai,Basic,299,20.73,65,163,Monthly,2025-04-17
C0746,20,Male,Chennai,Basic,299,4.92,292,5,Prepaid,2023-09-30
C0747,40,Female,Chennai,Basic,299,8.81,961,148,Prepaid,2023-11-02
C0748,54,Male,Pune,Basic,299,20.41,810,204,Monthly,2025-03-15
C0749,54,Male,Pune,Premium,799,5.8,754,117,Monthly,2023-07-29
C0750,27,Male,Kolkata,Basic,299,27.12,164,88,Monthly,2024-12-30
C0751,27,Male,Pune,Standard,499,13.55,446,153,Prepaid,2025-01-22
C0752,36,Female,Delhi,Premium,799,4.11,443,166,Monthly,2025-06-04
C0753,34,Female,Hyderabad,Premium,799,18.93,1148,160,Monthly,2024-04-08
C0754,38,Male,Hyderabad,Basic,299,10.83,1027,269,Monthly,2024-12-12
C0755,31,Female,Kolkata,Premium,799,8.69,1176,55,Monthly,2024-12-28
C0756,26,Male,Pune,Standard,499,6.16,346,227,Prepaid,2024-12-17
C0757,63,Female,Bangalore,Standard,499,10.41,1051,148,Prepaid,2024-02-20
C0758,18,Female,Kolkata,Standard,499,11.33,227,45,Prepaid,2023-08-04
C0759,62,Male,Bangalore,Premium,799,14.9,1016,143,Prepaid,2023-03-21
C0760,30,Female,Bangalore,Basic,299,5.84,364,237,Monthly,2025-02-17
C0761,21,Male,Mumbai,Standard,499,6.62,1112,271,Monthly,2024-04-24
C0762,18,Female,Hyderabad,Standard,499,29.37,308,119,Monthly,2025-06-09
C0763,57,Male,Chennai,Premium,799,4.38,56,219,Monthly,2024-06-30
C0764,49,Male,Pune,Premium,799,22.05,98,7,Prepaid,2025-03-11
C0765,51,Female,Bangalore,Basic,299,3.0,210,274,Prepaid,2023-01-18
C0766,45,Female,Mumbai,Premium,799,21.65,225,65,Prepaid,2023-06-14
C0767,48,Male,Hyderabad,Basic,299,3.61,1075,78,Prepaid,2024-06-08
C0768,25,Female,Chennai,Basic,299,21.9,1050,85,Prepaid,2023-07-21
C0769,56,Female,Bangalore,Basic,299,9.9,504,123,Monthly,2025-01-10
C0770,43,Male,Bangalore,Basic,299,9.75,325,201,Yearly,2023-12-12
C0771,51,Male,Kolkata,Standard,499,40.09,547,149,Prepaid,2024-01-01
C0772,20,Female,Kolkata,Basic,299,4.27,725,45,Prepaid,2024-03-23
C0773,29,Male,Hyderabad,Basic,299,9.86,1101,112,Monthly,2024-05-27
C0774,18,Male,Chennai,Premium,799,16.86,1074,90,Prepaid,2023-11-15
C0775,61,Male,Bangalore,Premium,799,19.16,105,140,Monthly,2023-08-05
C0776,22,Female,Hyderabad,Premium,799,33.85,596,288,Monthly,2023-02-03
C0777,47,Female,Hyderabad,Premium,799,3.41,1185,217,Yearly,2025-05-20
C0778,47,Male,Delhi,Standard,499,30.94,85,76,Prepaid,2023-09-23
C0779,34,Female,Pune,Basic,299,5.86,488,151,Monthly,2024-10-01
C0780,64,Male,Kolkata,Basic,299,6.51,644,238,Prepaid,2024-12-24
C0781,40,Female,Chennai,Standard,499,23.84,356,114,Monthly,2025-02-13
C0782,32,Male,Bangalore,Basic,299,27.6,668,93,Prepaid,2025-04-03
C0783,54,Male,Hyderabad,Standard,499,6.94,1182,47,Prepaid,2023-03-21
C0784,38,Female,Bangalore,Basic,299,19.91,406,190,Monthly,2024-11-07
C0785,31,Male,Delhi,Basic,299,9.84,230,11,Monthly,2024-02-17
C0786,19,Female,Chennai,Standard,499,11.64,117,155,Monthly,2023-09-09
C0787,28,Female,Hyderabad,Standard,499,9.83,341,171,Monthly,2023-01-12
C0788,56,Male,Bangalore,Standard,499,4.3,741,295,Monthly,2024-02-05
C0789,55,Male,Kolkata,Standard,499,13.14,230,176,Prepaid,2025-03-26
C0790,51,Female,Pune,Basic,299,8.53,483,56,Monthly,2024-12-24
C0791,55,Male,Delhi,Basic,299,26.92,963,202,Monthly,2023-10-09
C0792,51,Male,Chennai,Premium,799,17.72,115,184,Yearly,2023-04-22
C0793,35,Male,Delhi,Standard,499,22.25,1094,120,Yearly,2024-12-23
C0794,47,Male,Kolkata,Basic,299,10.66,433,225,Prepaid,2024-01-13
C0795,32,Male,Chennai,Premium,799,9.77,88,201,Monthly,2025-01-20
C0796,44,Female,Delhi,Basic,299,11.68,871,215,Prepaid,2023-09-25
C0797,51,Female,Mumbai,Standard,499,38.51,651,42,Prepaid,2023-10-25
C0798,55,Male,Kolkata,Basic,299,5.77,834,22,Monthly,2023-11-13
C0799,50,Male,Kolkata,Standard,499,9.96,720,154,Prepaid,2024-07-23
C0800,41,Male,Kolkata,Standard,499,9.41,1146,185,Monthly,2024-05-23
C0801,32,Female,Mumbai,Basic,299,21.69,528,248,Prepaid,2024-06-29
C0802,47,Male,Mumbai,Premium,799,13.41,610,236,Prepaid,2025-02-13
C0803,59,Female,Bangalore,Standard,499,8.21,150,292,Monthly,2023-12-31
C0804,34,Female,Hyderabad,Basic,299,24.67,563,133,Monthly,2024-06-30
C0805,22,Female,Pune,Basic,299,27.28,225,21,Yearly,2023-09-28
C0806,46,Male,Delhi,Basic,299,29.38,287,87,Monthly,2024-04-18
C0807,21,Female,Bangalore,Basic,299,10.78,959,152,Monthly,2025-01-08
C0808,27,Male,Delhi,Standard,499,17.53,1132,124,Prepaid,2024-06-20
C0809,34,Female,Pune,Premium,799,10.08,1172,78,Prepaid,2023-08-22
C0810,27,Male,Hyderabad,Standard,499,15.96,920,50,Prepaid,2023-02-28
C0811,34,Female,Mumbai,Basic,299,16.94,544,215,Monthly,2023-09-08
C0812,37,Male,Hyderabad,Basic,299,9.82,996,175,Monthly,2025-04-26
C0813,41,Female,Mumbai,Basic,299,11.7,804,252,Prepaid,2023-03-27
C0814,22,Male,Pune,Standard,499,7.13,260,245,Monthly,2025-02-01
C0815,51,Male,Hyderabad,Premium,799,5.71,1196,226,Monthly,2024-01-25
C0816,23,Male,Bangalore,Basic,299,12.87,189,105,Prepaid,2023-06-29
C0817,19,Male,Chennai,Standard,499,11.88,590,192,Prepaid,2024-12-19
C0818,30,Female,Bangalore,Premium,799,9.83,319,35,Monthly,2025-05-05
C0819,60,Female,Delhi,Standard,499,20.12,1085,203,Monthly,2023-05-29
C0820,60,Male,Bangalore,Premium,799,13.3,555,266,Yearly,2024-08-05
C0821,28,Female,Pune,Standard,499,14.55,1179,267,Prepaid,2023-05-01
C0822,64,Male,Kolkata,Standard,499,30.85,81,169,Yearly,2025-02-03
C0823,40,Male,Delhi,Standard,499,28.66,1147,38,Prepaid,2024-08-27
C0824,33,Female,Hyderabad,Standard,499,18.37,1142,138,Prepaid,2023-09-13
C0825,48,Male,Delhi,Basic,299,23.7,862,291,Yearly,2025-02-04
C0826,28,Male,Chennai,Basic,299,2.89,411,51,Prepaid,2025-05-13
C0827,33,Female,Mumbai,Basic,299,20.27,978,286,Monthly,2025-03-10
C0828,25,Male,Hyderabad,Standard,499,11.72,149,288,Prepaid,2023-11-05
C0829,21,Male,Delhi,Basic,299,19.83,58,140,Monthly,2023-02-28
C0830,57,Male,Hyderabad,Premium,799,7.25,746,145,Yearly,2023-03-10
C0831,21,Male,Hyderabad,Standard,499,9.6,1102,183,Prepaid,2024-03-21
C0832,42,Female,Hyderabad,Standard,499,8.97,1187,151,Monthly,2024-01-23
C0833,20,Female,Mumbai,Basic,299,11.25,511,200,Prepaid,2023-03-27
C0834,49,Female,Pune,Premium,799,20.92,970,127,Monthly,2025-02-24
C0835,20,Male,Bangalore,Premium,799,5.82,439,286,Prepaid,2023-08-15
C0836,44,Male,Hyderabad,Standard,499,12.23,681,252,Prepaid,2024-08-15
C0837,46,Female,Kolkata,Basic,299,14.19,731,265,Prepaid,2024-09-17
C0838,49,Male,Pune,Standard,499,4.63,206,187,Prepaid,2023-07-03
C0839,36,Male,Chennai,Basic,299,13.98,384,229,Yearly,2025-03-02
C0840,38,Male,Mumbai,Basic,299,7.93,309,270,Prepaid,2023-11-18
C0841,22,Male,Delhi,Premium,799,11.89,131,258,Prepaid,2023-11-14
C0842,35,Female,Mumbai,Standard,499,25.01,803,298,Prepaid,2024-07-19
C0843,45,Female,Delhi,Standard,499,11.79,769,197,Prepaid,2024-02-03
C0844,59,Female,Mumbai,Premium,799,27.33,124,55,Monthly,2024-12-09
C0845,39,Male,Delhi,Standard,499,10.16,675,202,Yearly,2025-06-17
C0846,38,Female,Hyderabad,Standard,499,6.89,111,270,Prepaid,2023-10-20
C0847,23,Female,Bangalore,Basic,299,16.9,923,108,Yearly,2023-10-20
C0848,18,Male,Delhi,Premium,799,14.87,369,115,Monthly,2024-04-29
C0849,22,Male,Delhi,Basic,299,18.4,151,91,Prepaid,2025-06-17
C0850,58,Female,Kolkata,Premium,799,9.25,923,137,Monthly,2024-03-22
C0851,29,Female,Delhi,Premium,799,19.99,1003,56,Monthly,2025-03-13
C0852,43,Female,Kolkata,Basic,299,7.16,304,49,Monthly,2024-11-22
C0853,63,Female,Chennai,Standard,499,53.22,619,70,Yearly,2025-06-10
C0854,51,Male,Hyderabad,Premium,799,20.16,161,81,Prepaid,2024-02-16
C0855,31,Female,Kolkata,Standard,499,58.73,1034,104,Yearly,2024-05-22
C0856,43,Female,Bangalore,Premium,799,21.79,1047,87,Monthly,2025-01-03
C0857,62,Male,Pune,Premium,799,22.69,510,1,Prepaid,2025-02-24
C0858,44,Female,Hyderabad,Standard,499,20.95,757,83,Monthly,2025-06-08
C0859,26,Male,Kolkata,Basic,299,6.05,936,42,Prepaid,2023-09-01
C0860,43,Male,Hyderabad,Premium,799,14.16,1165,153,Yearly,2024-02-24
C0861,64,Male,Hyderabad,Standard,499,11.13,1125,93,Monthly,2023-06-03
C0862,39,Female,Hyderabad,Basic,299,15.66,569,297,Prepaid,2025-03-26
C0863,64,Female,Chennai,Basic,299,14.55,861,132,Prepaid,2024-02-28
C0864,47,Male,Bangalore,Standard,499,6.9,1171,64,Monthly,2023-09-30
C0865,60,Female,Mumbai,Premium,799,23.11,285,289,Prepaid,2024-10-08
C0866,34,Female,Mumbai,Premium,799,33.9,976,256,Prepaid,2025-04-04
C0867,43,Male,Kolkata,Standard,499,10.28,606,212,Prepaid,2024-06-03
C0868,53,Male,Hyderabad,Basic,299,15.95,698,147,Prepaid,2023-05-08
C0869,18,Female,Kolkata,Basic,299,17.18,283,60,Prepaid,2024-01-08
C0870,25,Male,Chennai,Premium,799,8.74,1105,148,Prepaid,2024-07-21
C0871,52,Female,Chennai,Basic,299,13.37,628,87,Prepaid,2024-09-29
C0872,32,Female,Delhi,Basic,299,3.03,591,277,Monthly,2023-06-08
C0873,64,Female,Chennai,Basic,299,17.73,163,81,Monthly,2024-07-24
C0874,39,Female,Delhi,Standard,499,24.31,253,128,Prepaid,2024-07-23
C0875,31,Male,Bangalore,Premium,799,10.63,1102,285,Prepaid,2024-10-13
C0876,43,Male,Kolkata,Basic,299,9.67,692,279,Monthly,2023-06-25
C0877,45,Male,Pune,Standard,499,22.12,523,269,Prepaid,2024-09-11
C0878,40,Male,Bangalore,Standard,499,4.4,746,291,Prepaid,2023-07-30
C0879,31,Female,Chennai,Premium,799,14.46,302,202,Prepaid,2024-03-22
C0880,41,Female,Bangalore,Basic,299,8.27,954,23,Monthly,2024-08-08
C0881,19,Male,Bangalore,Standard,499,4.8,435,207,Monthly,2023-06-16
C0882,62,Female,Bangalore,Basic,299,19.2,111,279,Monthly,2024-04-04
C0883,43,Female,Chennai,Premium,799,21.35,564,204,Monthly,2023-12-23
C0884,31,Female,Pune,Standard,499,6.15,479,151,Monthly,2023-10-31
C0885,24,Male,Hyderabad,Basic,299,22.79,629,25,Prepaid,2023-08-21
C0886,20,Male,Bangalore,Standard,499,17.49,792,193,Monthly,2023-11-23
C0887,64,Male,Delhi,Premium,799,6.23,724,237,Prepaid,2025-06-02
C0888,40,Female,Chennai,Basic,299,5.04,360,74,Monthly,2023-07-01
C0889,63,Male,Bangalore,Premium,799,34.7,520,162,Monthly,2024-09-25
C0890,60,Male,Pune,Basic,299,11.57,858,298,Monthly,2023-11-30
C0891,64,Male,Hyderabad,Standard,499,3.81,221,28,Prepaid,2024-12-15
C0892,62,Male,Chennai,Standard,499,12.24,625,164,Prepaid,2023-01-29
C0893,35,Male,Mumbai,Standard,499,10.21,80,185,Monthly,2024-12-14
C0894,55,Male,Hyderabad,Basic,299,13.02,96,53,Monthly,2023-04-03
C0895,52,Female,Delhi,Premium,799,13.79,179,294,Yearly,2025-04-20
C0896,32,Female,Bangalore,Standard,499,10.23,401,41,Prepaid,2025-05-17
C0897,42,Male,Pune,Standard,499,32.54,1027,284,Monthly,2024-11-18
C0898,54,Male,Mumbai,Premium,799,11.03,107,137,Monthly,2023-11-26
C0899,45,Female,Pune,Premium,799,4.3,1179,186,Yearly,2024-12-23
C0900,27,Female,Mumbai,Basic,299,35.35,861,203,Monthly,2023-07-03
C0901,56,Male,Chennai,Basic,299,6.29,817,41,Monthly,2023-04-05
C0902,34,Male,Mumbai,Premium,799,8.17,732,287,Monthly,2025-02-23
C0903,56,Male,Delhi,Basic,299,19.79,1046,25,Monthly,2024-10-10
C0904,39,Male,Delhi,Standard,499,7.88,335,55,Yearly,2025-01-18
C0905,43,Female,Kolkata,Premium,799,6.99,1144,252,Prepaid,2023-12-19
C0906,61,Male,Delhi,Basic,299,21.39,935,121,Prepaid,2023-09-22
C0907,42,Male,Hyderabad,Standard,499,17.4,446,105,Yearly,2024-10-08
C0908,34,Male,Mumbai,Standard,499,28.09,75,129,Monthly,2024-10-17
C0909,30,Male,Delhi,Standard,499,13.13,362,157,Monthly,2023-01-19
C0910,37,Female,Chennai,Basic,299,1.36,175,230,Prepaid,2025-01-12
C0911,42,Female,Pune,Basic,299,1.28,860,90,Prepaid,2024-10-07
C0912,21,Female,Pune,Standard,499,7.23,237,21,Monthly,2024-09-17
C0913,27,Male,Kolkata,Premium,799,41.78,747,289,Monthly,2024-05-13
C0914,20,Male,Pune,Premium,799,18.37,859,109,Prepaid,2023-05-19
C0915,58,Female,Mumbai,Standard,499,22.61,765,48,Prepaid,2024-09-28
C0916,62,Male,Kolkata,Basic,299,37.86,499,128,Monthly,2024-12-16
C0917,35,Male,Mumbai,Standard,499,20.0,572,72,Prepaid,2024-07-26
C0918,64,Female,Chennai,Basic,299,18.35,1035,52,Yearly,2025-01-31
C0919,53,Female,Kolkata,Premium,799,22.99,707,167,Prepaid,2025-03-20
C0920,64,Female,Bangalore,Premium,799,17.51,646,44,Monthly,2024-06-08
C0921,39,Female,Hyderabad,Standard,499,12.37,149,104,Yearly,2023-09-12
C0922,51,Male,Hyderabad,Premium,799,14.26,665,149,Monthly,2023-03-26
C0923,64,Male,Mumbai,Basic,299,20.12,997,145,Prepaid,2024-04-02
C0924,25,Female,Pune,Standard,499,6.63,605,203,Monthly,2024-06-15
C0925,57,Male,Bangalore,Basic,299,19.23,327,298,Prepaid,2024-07-15
C0926,61,Female,Kolkata,Premium,799,16.17,540,166,Prepaid,2024-11-06
C0927,36,Female,Bangalore,Basic,299,1.34,304,200,Yearly,2023-04-02
C0928,59,Male,Bangalore,Standard,499,7.61,430,133,Monthly,2024-08-22
C0929,58,Female,Pune,Premium,799,11.74,941,210,Monthly,2023-03-10
C0930,54,Male,Kolkata,Basic,299,6.91,591,47,Prepaid,2023-02-06
C0931,23,Male,Chennai,Basic,299,29.01,874,125,Prepaid,2025-02-03
C0932,43,Male,Pune,Premium,799,4.02,928,238,Prepaid,2025-02-02
C0933,51,Male,Bangalore,Standard,499,15.06,1188,6,Monthly,2023-05-20
C0934,62,Female,Bangalore,Basic,299,10.38,330,271,Monthly,2025-05-16
C0935,23,Male,Chennai,Basic,299,25.09,822,36,Monthly,2025-06-11
C0936,54,Female,Bangalore,Basic,299,7.26,892,210,Monthly,2024-11-10
C0937,50,Female,Bangalore,Premium,799,10.41,768,164,Prepaid,2024-07-19
C0938,39,Female,Bangalore,Standard,499,6.19,377,124,Prepaid,2025-06-16
C0939,38,Female,Hyderabad,Basic,299,21.43,260,191,Prepaid,2023-06-27
C0940,23,Male,Pune,Basic,299,6.41,776,217,Prepaid,2025-03-19
C0941,23,Male,Delhi,Basic,299,24.91,972,213,Prepaid,2025-03-23
C0942,21,Female,Pune,Basic,299,13.01,601,61,Yearly,2025-05-20
C0943,47,Female,Chennai,Standard,499,11.51,75,160,Prepaid,2024-09-09
C0944,28,Male,Bangalore,Basic,299,11.77,76,65,Yearly,2023-05-17
C0945,47,Female,Pune,Basic,299,10.18,751,285,Prepaid,2023-07-09
C0946,48,Male,Hyderabad,Standard,499,39.01,1156,238,Yearly,2024-10-01
C0947,41,Female,Chennai,Basic,299,11.9,731,19,Monthly,2023-12-08
C0948,26,Male,Mumbai,Standard,499,9.53,462,187,Yearly,2024-07-12
C0949,20,Female,Pune,Standard,499,17.53,216,81,Prepaid,2023-01-05
C0950,48,Female,Mumbai,Standard,499,8.37,218,201,Monthly,2023-09-14
C0951,57,Male,Bangalore,Standard,499,2.86,278,131,Yearly,2025-03-22
C0952,54,Female,Hyderabad,Standard,499,18.01,416,36,Prepaid,2024-10-23
C0953,53,Female,Hyderabad,Premium,799,17.4,577,131,Prepaid,2025-03-16
C0954,41,Male,Pune,Standard,499,3.15,840,76,Prepaid,2023-08-31
C0955,48,Female,Chennai,Standard,499,24.64,573,88,Yearly,2025-02-25
C0956,23,Male,Chennai,Premium,799,10.09,1145,252,Monthly,2024-12-20
C0957,19,Male,Hyderabad,Standard,499,33.24,155,193,Monthly,2024-02-19
C0958,37,Female,Chennai,Basic,299,28.84,781,175,Prepaid,2024-09-18
C0959,45,Female,Hyderabad,Basic,299,2.66,1014,32,Prepaid,2024-12-07
C0960,28,Female,Pune,Basic,299,41.81,182,57,Monthly,2023-12-09
C0961,21,Female,Delhi,Premium,799,10.87,583,200,Prepaid,2024-11-12
C0962,32,Female,Hyderabad,Standard,499,9.77,1024,27,Monthly,2024-01-14
C0963,23,Female,Mumbai,Premium,799,50.47,318,34,Yearly,2024-08-16
C0964,47,Female,Chennai,Standard,499,13.69,722,124,Prepaid,2024-10-27
C0965,55,Male,Hyderabad,Standard,499,6.19,840,41,Monthly,2024-10-14
C0966,19,Female,Hyderabad,Basic,299,8.3,67,84,Prepaid,2025-04-05
C0967,32,Male,Pune,Standard,499,23.15,166,187,Monthly,2023-05-26
C0968,28,Female,Chennai,Standard,499,31.79,847,110,Prepaid,2023-11-19
C0969,25,Female,Delhi,Premium,799,24.03,600,270,Monthly,2023-05-02
C0970,43,Male,Pune,Basic,299,8.2,978,104,Prepaid,2023-09-09
C0971,62,Female,Delhi,Standard,499,12.13,802,40,Prepaid,2025-05-04
C0972,61,Female,Pune,Standard,499,5.66,471,214,Monthly,2025-06-17
C0973,22,Male,Chennai,Standard,499,3.43,695,70,Prepaid,2023-11-07
C0974,23,Female,Kolkata,Standard,499,38.18,607,55,Monthly,2024-08-23
C0975,43,Female,Chennai,Premium,799,12.37,99,235,Prepaid,2024-04-19
C0976,21,Female,Chennai,Basic,299,16.89,727,280,Monthly,2024-07-23
C0977,36,Male,Delhi,Standard,499,11.51,155,104,Prepaid,2024-05-06
C0978,37,Female,Delhi,Standard,499,16.46,707,161,Monthly,2024-07-28
C0979,50,Female,Chennai,Premium,799,25.12,1145,190,Prepaid,2023-12-13
C0980,37,Female,Chennai,Premium,799,42.0,1037,8,Prepaid,2025-03-30
C0981,29,Female,Chennai,Basic,299,29.65,891,59,Prepaid,2024-05-01
C0982,64,Male,Delhi,Basic,299,11.04,495,224,Monthly,2024-04-17
C0983,18,Male,Chennai,Premium,799,7.9,119,187,Prepaid,2024-01-17
C0984,43,Female,Chennai,Standard,499,18.36,199,69,Yearly,2023-10-07
C0985,31,Female,Bangalore,Premium,799,20.64,823,292,Yearly,2023-03-13
C0986,55,Male,Kolkata,Basic,299,9.55,1172,286,Prepaid,2024-06-04
C0987,54,Male,Mumbai,Standard,499,7.58,993,168,Monthly,2024-01-01
C0988,28,Female,Kolkata,Premium,799,18.02,504,61,Prepaid,2023-04-04
C0989,53,Male,Bangalore,Premium,799,21.87,1177,13,Prepaid,2024-01-08
C0990,30,Female,Mumbai,Basic,299,5.57,995,163,Monthly,2023-12-05
C0991,60,Male,Pune,Standard,499,6.58,650,244,Monthly,2024-03-12
C0992,20,Male,Chennai,Standard,499,13.64,702,7,Monthly,2023-12-02
C0993,50,Male,Bangalore,Basic,299,6.58,774,153,Prepaid,2024-10-25
C0994,23,Male,Pune,Standard,499,18.83,282,35,Prepaid,2024-05-06
C0995,27,Female,Chennai,Standard,499,18.41,300,47,Prepaid,2025-05-17
C0996,22,Male,Delhi,Premium,799,18.46,128,84,Monthly,2023-02-09
C0997,40,Male,Hyderabad,Standard,499,6.8,1125,27,Monthly,2023-12-25
C0998,27,Female,Bangalore,Basic,299,6.02,947,195,Monthly,2024-07-27
C0999,61,Male,Delhi,Basic,299,15.04,970,207,Prepaid,2023-09-11
C1000,19,Male,Bangalore,Standard,499,8.74,830,203,Prepaid,2024-08-03
